{"roc_auc_score": 0.7200412429233805, "accuracy_score": 0.7200811359026369, "f1_score": 0.7254641909814322}